Datetime,Water Level (m)
2025-12-24 06:00:00,-0.8001503
2025-12-24 07:00:00,-0.83883846
2025-12-24 08:00:00,-0.2684624
2025-12-24 09:00:00,0.16168116
2025-12-24 10:00:00,0.4210633
2025-12-24 11:00:00,0.68678254
2025-12-24 12:00:00,0.545412
2025-12-24 13:00:00,0.21084064
2025-12-24 14:00:00,-0.111446045
2025-12-24 15:00:00,-0.36469984
2025-12-24 16:00:00,-0.5584279
2025-12-24 17:00:00,-0.7135022
2025-12-24 18:00:00,-0.86229026
2025-12-24 19:00:00,-0.8440632
2025-12-24 20:00:00,-0.068679035
2025-12-24 21:00:00,0.39578605
2025-12-24 22:00:00,0.792104
2025-12-24 23:00:00,1.0889806
2025-12-25 00:00:00,0.92863154
2025-12-25 01:00:00,0.5377678
2025-12-25 02:00:00,0.13449216
2025-12-25 03:00:00,-0.1782405
2025-12-25 04:00:00,-0.3991045
2025-12-25 05:00:00,-0.5691478
2025-12-25 06:00:00,-0.7431522
2025-12-25 07:00:00,-0.90393966
2025-12-25 08:00:00,-0.7516802
2025-12-25 09:00:00,-0.13381694
2025-12-25 10:00:00,0.22738717
2025-12-25 11:00:00,0.5709463
2025-12-25 12:00:00,0.7386384
2025-12-25 13:00:00,0.5198745
2025-12-25 14:00:00,0.14100958
2025-12-25 15:00:00,-0.1686096
2025-12-25 16:00:00,-0.39923942
2025-12-25 17:00:00,-0.5794311
2025-12-25 18:00:00,-0.7249989
2025-12-25 19:00:00,-0.8558407
2025-12-25 20:00:00,-0.57194304
2025-12-25 21:00:00,0.079828516
2025-12-25 22:00:00,0.43401647
2025-12-25 23:00:00,0.876761
2025-12-26 00:00:00,1.0043522
2025-12-26 01:00:00,0.7801645
2025-12-26 02:00:00,0.37472835
2025-12-26 03:00:00,0.015737718
2025-12-26 04:00:00,-0.2647916
2025-12-26 05:00:00,-0.45488006
2025-12-26 06:00:00,-0.6282718
2025-12-26 07:00:00,-0.79501903
2025-12-26 08:00:00,-0.9352295
2025-12-26 09:00:00,-0.5659445
2025-12-26 10:00:00,-0.014425784
2025-12-26 11:00:00,0.29475766
2025-12-26 12:00:00,0.68049014
2025-12-26 13:00:00,0.7350145
2025-12-26 14:00:00,0.48450357
2025-12-26 15:00:00,0.12023515
2025-12-26 16:00:00,-0.16536275
2025-12-26 17:00:00,-0.39583915
2025-12-26 18:00:00,-0.5601779
2025-12-26 19:00:00,-0.70515597
2025-12-26 20:00:00,-0.80968505
2025-12-26 21:00:00,-0.4049547
2025-12-26 22:00:00,0.14125581
2025-12-26 23:00:00,0.4507297
2025-12-27 00:00:00,0.85444677
2025-12-27 01:00:00,0.8896287
2025-12-27 02:00:00,0.63197845
2025-12-27 03:00:00,0.24533604
2025-12-27 04:00:00,-0.07934713
2025-12-27 05:00:00,-0.33661324
2025-12-27 06:00:00,-0.5124758
2025-12-27 07:00:00,-0.6770118
2025-12-27 08:00:00,-0.8372492
2025-12-27 09:00:00,-0.92373025
2025-12-27 10:00:00,-0.42711526
2025-12-27 11:00:00,0.056259926
2025-12-27 12:00:00,0.3445098
2025-12-27 13:00:00,0.73915356
2025-12-27 14:00:00,0.7725423
2025-12-27 15:00:00,0.5399802
2025-12-27 16:00:00,0.17852364
2025-12-27 17:00:00,-0.12554339
2025-12-27 18:00:00,-0.36095536
2025-12-27 19:00:00,-0.52151406
2025-12-27 20:00:00,-0.6673445
2025-12-27 21:00:00,-0.76852506
2025-12-27 22:00:00,-0.40429375
2025-12-27 23:00:00,0.080491945
2025-12-28 00:00:00,0.36871183
2025-12-28 01:00:00,0.7027528
2025-12-28 02:00:00,0.7060505
2025-12-28 03:00:00,0.45570257
2025-12-28 04:00:00,0.11882097
2025-12-28 05:00:00,-0.16840844
2025-12-28 06:00:00,-0.40237585
2025-12-28 07:00:00,-0.57322276
2025-12-28 08:00:00,-0.7314394
2025-12-28 09:00:00,-0.8842331
2025-12-28 10:00:00,-0.95492285
2025-12-28 11:00:00,-0.43370503
2025-12-28 12:00:00,0.057340875
2025-12-28 13:00:00,0.3512416
2025-12-28 14:00:00,0.7646677
2025-12-28 15:00:00,0.8114666
2025-12-28 16:00:00,0.58245766
2025-12-28 17:00:00,0.22107737
2025-12-28 18:00:00,-0.08665547
2025-12-28 19:00:00,-0.32827252
2025-12-28 20:00:00,-0.4872837
2025-12-28 21:00:00,-0.6353295
2025-12-28 22:00:00,-0.75104916
2025-12-28 23:00:00,-0.57998765
2025-12-29 00:00:00,-0.10054707
2025-12-29 01:00:00,0.21888973
2025-12-29 02:00:00,0.5104712
2025-12-29 03:00:00,0.60089004
2025-12-29 04:00:00,0.4018363
2025-12-29 05:00:00,0.08976015
2025-12-29 06:00:00,-0.19390786
2025-12-29 07:00:00,-0.42168266
2025-12-29 08:00:00,-0.6018752
2025-12-29 09:00:00,-0.75283366
2025-12-29 10:00:00,-0.9048579
2025-12-29 11:00:00,-0.9789914
2025-12-29 12:00:00,-0.46143237
2025-12-29 13:00:00,0.054265082
2025-12-29 14:00:00,0.3543382
2025-12-29 15:00:00,0.7977465
2025-12-29 16:00:00,0.88839567
2025-12-29 17:00:00,0.7054592
2025-12-29 18:00:00,0.3610134
2025-12-29 19:00:00,0.025776815
2025-12-29 20:00:00,-0.2426913
2025-12-29 21:00:00,-0.4173528
2025-12-29 22:00:00,-0.58076155
2025-12-29 23:00:00,-0.7278633
2025-12-30 00:00:00,-0.76736456
2025-12-30 01:00:00,-0.3178708
2025-12-30 02:00:00,0.08201962
2025-12-30 03:00:00,0.3179658
2025-12-30 04:00:00,0.53959167
2025-12-30 05:00:00,0.4122137
2025-12-30 06:00:00,0.113422014
